<?xml version="1.0" encoding="UTF-8"?>
<!--suppress ALL -->
<addon id="plugin.video.premiumize" version="0.0.11" name="Premiumize Cloud" provider-name="tknorris">
    <requires>
        <import addon="xbmc.python" version="2.1.0"/>
    </requires>
    <extension point="xbmc.python.pluginsource" library="default.py">
        <provides>video</provides>
    </extension>
    <extension point="xbmc.addon.repository" name="tknorris release repository">
        <info compressed="false">https://offshoregit.com/tknorris/tknorris-release-repo/raw/master/addons.xml</info>
        <checksum>https://offshoregit.com/tknorris/tknorris-release-repo/raw/master/addons.xml.md5</checksum>
        <datadir zip="true">https://offshoregit.com/tknorris/tknorris-release-repo/raw/master/zips/</datadir>
    </extension>
    <extension point="xbmc.addon.metadata">
        <summary>Browse your premiumize torrent cloud</summary>
        <description>This addon can be used to browse and stream any videos present in your premiumize.me torrent cloud</description>
        <platform>all</platform>
        <website>http://tvaddons.ag/</website>
		<forum>http://forums.tvaddons.ag/forums/180-TKNORRIS-RELEASE-REPOSITORY</forum>
	</extension>
</addon>
