<?xml version="1.0" encoding="UTF-8"?>
<!--suppress ALL -->
<addon id="plugin.video.apple_trailers" version="0.0.4" name="Apple Trailers" provider-name="tknorris">
    <requires>
        <import addon="xbmc.python" version="2.1.0"/>
    </requires>
    <extension point="xbmc.python.pluginsource" library="default.py">
        <provides>video</provides>
    </extension>
    <extension point="xbmc.addon.metadata">
        <summary>Browse and Play Trailers from the Apple iTunes Website</summary>
        <description>Browse and Play Trailers from Apple iTunes Website. (Forked from the original ITunes Trailer addon by dersphere)</description>
        <platform>all</platform>
        <website>http://tvaddons.ag/</website>
		<forum>http://forums.tvaddons.ag/forums/180-TKNORRIS-RELEASE-REPOSITORY</forum>
	</extension>
</addon>
