<?xml version="1.0" encoding="UTF-8"?>
<!--suppress ALL -->
<addon id="plugin.video.salts" version="2.0.91" name="Stream All The Sources" provider-name="tknorris">
    <requires>
        <import addon="xbmc.python" version="2.19.0"/>
        <import addon="script.module.urlresolver" version="3.0.0"/>
        <import addon="script.module.myconnpy" version="1.1.6" />
        <import addon="script.module.tknorris.shared" version="0.0.7"/>
    </requires>
    <extension point="xbmc.python.pluginsource" library="default.py">
        <provides>video</provides>
    </extension>
     <extension point="xbmc.service" library="service.py" start="startup"/>
    <extension point="xbmc.addon.metadata">
        <summary>Stream video from many difference sources</summary>
        <description>This addon uses trakt.tv for most show and movie meta data and uses a variety of websites for hoster sources</description>
        <platform>all</platform>
        <website>http://tvaddons.ag/</website>
		<forum>http://forums.tvaddons.ag/forums/180-TKNORRIS-RELEASE-REPOSITORY</forum>
		<assets>
		  <icon>icon.png</icon>
		  <fanart>fanart.jpg</fanart>
		  <screenshot>resources/screenshots/screenshot1.png</screenshot>
          <screenshot>resources/screenshots/screenshot2.png</screenshot>
          <screenshot>resources/screenshots/screenshot3.png</screenshot>
          <screenshot>resources/screenshots/screenshot4.png</screenshot>
          <screenshot>resources/screenshots/screenshot5.png</screenshot>
		</assets>
	</extension>
</addon>
